workload,size,threads,impl,status,runs,ops_median,ops_min,ops_max,cv_pct,wall_ms_median,lat_p50_ns,lat_p99_ns,lat_p999_ns,bytes_per_task,peak_rss_kb_median,reason
spawn,10000,1,tokio,ok,3,2053698.5,1501297.0,2117235.1,17.916943591204504,4.869264,,,,,5504,
spawn,10000,1,tokio+mimalloc,ok,3,6760827.0,6566807.4,6799793.0,1.8600886315202874,1.479109,,,,,9320,
spawn,10000,1,tokio+no-handles,ok,3,1102080.9,1076034.2,1236064.5,7.54510890919182,9.073744,,,,,6784,
spawn,10000,1,tokio+mimalloc+no-handles,ok,3,8405720.6,7916503.1,8553676.0,4.021604558136517,1.189666,,,,,11368,
spawn,10000,2,tokio,ok,3,2212384.0,1662139.8,2329082.6,17.224664330641097,4.520011,,,,,5504,
spawn,10000,2,tokio+mimalloc,ok,3,4031294.1,3770177.5,5474505.5,20.74306852401572,2.480593,,,,,9300,
spawn,10000,2,tokio+no-handles,ok,3,1475671.9,1265282.6,1550553.0,10.339165145101433,6.776574,,,,,6272,
spawn,10000,2,tokio+mimalloc+no-handles,ok,3,5038252.9,4970636.0,5193634.3,2.256362622272872,1.984815,,,,,9192,
spawn,10000,12,tokio,ok,3,2199673.6,1933176.7,2422212.5,11.205702710516674,4.546129,,,,,5504,
spawn,10000,12,tokio+mimalloc,ok,3,5209899.0,4940396.6,5211856.8,3.049680449193821,1.919423,,,,,9220,
spawn,10000,12,tokio+no-handles,ok,3,1699103.7,1607649.1,1831384.4,6.567754679055127,5.885456,,,,,3456,
spawn,10000,12,tokio+mimalloc+no-handles,ok,3,5516593.1,4976557.9,5699584.0,6.9645857066054635,1.812713,,,,,9308,
spawn,1000000,1,tokio,ok,3,2091002.7,2089227.2,2104243.7,0.3916987837838887,478.239453,,,,,260736,
spawn,1000000,1,tokio+mimalloc,ok,3,4977791.6,4748563.6,5152633.4,4.085842148567541,200.892299,,,,,140412,
spawn,1000000,1,tokio+no-handles,ok,3,1778273.2,1755265.4,1784454.2,0.8677071590792105,562.343303,,,,,385920,
spawn,1000000,1,tokio+mimalloc+no-handles,ok,3,5363482.4,5212492.8,5383608.9,1.7580697277050024,186.44603,,,,,267528,
spawn,1000000,2,tokio,ok,3,2178443.6,2152967.6,2183223.6,0.7490057173976999,459.043322,,,,,260864,
spawn,1000000,2,tokio+mimalloc,ok,3,4318150.3,4113454.3,4468111.1,4.140346169128508,231.58064,,,,,140412,
spawn,1000000,2,tokio+no-handles,ok,3,1384378.3,1343729.8,1389409.3,1.8249381928216684,722.345907,,,,,325888,
spawn,1000000,2,tokio+mimalloc+no-handles,ok,3,5169320.6,5106889.9,5169859.9,0.7031121954296697,193.449018,,,,,58352,
spawn,1000000,12,tokio,ok,3,2209091.4,2132757.0,2268284.3,3.0836331593590236,452.674791,,,,,260608,
spawn,1000000,12,tokio+mimalloc,ok,3,4192927.6,4095211.9,4254431.0,1.9204903293283702,238.496844,,,,,142528,
spawn,1000000,12,tokio+no-handles,ok,3,1742717.3,1702127.9,1762645.2,1.7767230034970705,573.816537,,,,,12896,
spawn,1000000,12,tokio+mimalloc+no-handles,ok,3,5157270.6,5088446.8,5199504.1,1.0888159699654851,193.901013,,,,,19464,
cpu,16000000,1,tokio,ok,3,13438185.5,13331819.3,13502416.6,0.6418400987379402,1190.636935,,,,,3072,
cpu,16000000,1,tokio+mimalloc,ok,3,13366199.8,13185766.1,13430380.4,0.9516279032707264,1197.049288,,,,,7236,
cpu,16000000,2,tokio,ok,3,26465122.5,26425752.6,26544491.5,0.22841924888461268,604.569277,,,,,2944,
cpu,16000000,2,tokio+mimalloc,ok,3,26402159.1,25367991.4,26409647.8,2.299509001114154,606.011045,,,,,7232,
cpu,16000000,12,tokio,ok,3,105137391.4,103764496.2,105412940.7,0.8427859172878364,152.181824,,,,,2944,
cpu,16000000,12,tokio+mimalloc,ok,3,104367754.7,102864745.9,109139782.1,3.106811839279381,153.304055,,,,,9220,
mutex,10000000,1,tokio,ok,3,46077346.3,46035454.9,46601084.4,0.6816263192551127,217.026387,,,,,3072,
mutex,10000000,1,tokio+mimalloc,ok,3,45264805.9,45021312.5,46219264.2,1.3915109033879942,220.922189,,,,,7236,
mutex,10000000,1,tokio+std-mutex,ok,3,253401246.6,251473116.9,259115649.7,1.5606919993617543,39.463105,,,,,2944,
mutex,10000000,1,tokio+parking-lot,ok,3,218887490.8,213699885.1,225234853.5,2.63469043579358,45.685571,,,,,2944,
mutex,10000000,1,tokio+unconstrained,ok,3,47514730.4,46515047.5,47926529.6,1.533976554070285,210.461049,,,,,3072,
mutex,10000000,2,tokio,ok,3,8528871.7,8283083.7,8675940.1,2.336222840823482,1172.488031,,,,,2944,
mutex,10000000,2,tokio+mimalloc,ok,3,8638097.8,8478527.5,9447247.6,5.865764678350699,1157.662281,,,,,7240,
mutex,10000000,2,tokio+std-mutex,ok,3,56230256.2,53278260.9,56451006.8,3.2022911062019723,177.8402,,,,,3072,
mutex,10000000,2,tokio+parking-lot,ok,3,142600974.5,142257885.6,142848369.9,0.20799157597603565,70.125748,,,,,3072,
mutex,10000000,2,tokio+unconstrained,ok,3,8615708.0,8458599.5,8651844.1,1.1980741246581679,1160.670722,,,,,3072,
mutex,10000000,12,tokio,ok,3,8936114.4,8546583.7,9152009.5,3.456032495386659,1119.054614,,,,,2944,
mutex,10000000,12,tokio+mimalloc,ok,3,8196501.9,8019175.9,8565798.0,3.375981542697527,1220.032659,,,,,9216,
mutex,10000000,12,tokio+std-mutex,ok,3,30608042.4,28999637.7,30757041.0,3.2351463987261013,326.711518,,,,,2944,
mutex,10000000,12,tokio+parking-lot,ok,3,83427533.4,80116729.4,88855377.4,5.243894320188412,119.864505,,,,,3072,
mutex,10000000,12,tokio+unconstrained,ok,3,8717471.8,6982217.9,9362499.9,14.73594726198498,1147.121579,,,,,2944,
idle,10000,12,tokio,ok,3,1234729.6,874562.2,1360826.8,1.9023950347239316,8.098939,,,,393.2,6400,
idle,10000,12,tokio+mimalloc,ok,3,2367954.0,2313700.8,2424230.1,0.9466156555398635,4.223055,,,,226.9,11176,
idle,100000,12,tokio,ok,3,1808122.5,1275555.5,1808644.0,0.3503957979505061,55.305988,,,,385.4,40192,
idle,100000,12,tokio+mimalloc,ok,3,3675885.6,2845084.7,3686294.2,0.060312920439010854,27.204329,,,,253.3,33804,
idle,1000000,12,tokio,ok,3,1726915.8,1376126.1,1834587.9,0.015037773984800062,579.067038,,,,383.9,377728,
idle,1000000,12,tokio+mimalloc,ok,3,4417221.9,4389609.0,4483748.8,0.03906250000000333,226.386635,,,,256.0,258964,
